{
  "Get": {
    "url_segments": "api/get/project_categorys",
    "request_type": "GET",
    "description": "Fetch rows from table",
    "enableParams": true,
    "authorization":{  
        "roles": [
            "admin"
        ]
    }
  },
  "Get By Post": {
    "url_segments": "api/get/project_categorys",
    "request_type": "POST",
    "description": "Fetch rows from table using POST request.",
    "enableParams": true,
    "authorization":{  
        "roles": [
            "admin"
        ]
    }
  },
  "Find One": {
    "url_segments": "api/get/project_categorys/{id}",
    "request_type": "GET",
    "description": "Fetch one row",
    "required_fields": [
      {
        "name": "id",
        "label": "ID"
      }
    ]
  },
  "Exists": {
    "url_segments": "api/exists/project_categorys/{id}",
    "request_type": "GET",
    "description": "Check if instance exists",
    "required_fields": [
      {
        "name": "id",
        "label": "ID"
      }
    ]
  },
  "Count": {
    "url_segments": "api/count/project_categorys",
    "request_type": "GET",
    "description": "Count number of records",
    "enableParams": true
  },
  "Count By Post": {
    "url_segments": "api/count/project_categorys",
    "request_type": "POST",
    "description": "Count number of records using POST request",
    "enableParams": true,
    "authorization":{  
        "roles": [
            "admin"
        ]
    }
  },
  "Create": {
    "url_segments": "api/create/project_categorys",
    "request_type": "POST",
    "description": "Insert database record",
    "enableParams": true
  },
  "Insert Batch": {
    "url_segments": "api/batch/project_categorys",
    "request_type": "POST",
    "description": "Insert multiple records",
    "enableParams": true
  },
  "Update": {
    "url_segments": "api/update/project_categorys/{id}",
    "request_type": "PUT",
    "description": "Update a database record",
    "enableParams": true,
    "required_fields": [
      {
        "name": "id",
        "label": "ID"
      }
    ]
  },
  "Destroy": {
    "url_segments": "api/destroy/project_categorys",
    "request_type": "DELETE",
    "description": "Delete row or rows",
    "enableParams": true
  },
  "Delete One": {
    "url_segments": "api/delete/project_categorys/{id}",
    "request_type": "DELETE",
    "description": "Delete one row",
    "required_fields": [
      {
        "name": "id",
        "label": "ID"
      }
    ]
  }
}